{
  "teams": [
    {
      "code": "A",
      "name": "AIE",
      "editorBaseUrl": "/collaborative.editor",
      "teamServer": "RKOM-A-",
      "key": "%Gs-KmzX;udMFIVrmucG!7)cHkYPYVPs"
    },
    {
      "code": "B",
      "name": "Beat",
      "editorBaseUrl": "/collaborative.editor",
      "teamServer": "RKOM-B-",
      "key": "Id;!dXrzDv=IELEKkaWT6z-&KraMmw;d"
    },
    {
      "code": "C",
      "name": "Case",
      "editorBaseUrl": "/collaborative.editor",
      "teamServer": "RKOM-C-",
      "key": "ZXbGzh-5V9vMV8z4jXOiMurrCd4&(efY"
    },
    {
      "code": "D",
      "name": "DX",
      "editorBaseUrl": "/collaborative.editor",
      "teamServer": "RKOM-D-",
      "key": "fWJT4KG=j((otNK4A%Xm6FtCFTZs.2L4"
    }
  ]
}
